Instance,Class,Order,Family,Genus,Species,Reference,Processed alongside,Primers used,DNA Extraction kit,Known to be found in
1,,,,Acidovorax,unspecified,Salter et al. 2014,human-derived,unspecified,unspecified,
2,,,,Acinetobacter,unspecified,Salter et al. 2014,human-derived,unspecified,unspecified,
3,,,,Afipia,unspecified,Salter et al. 2014,human-derived,unspecified,unspecified,
4,,,,Aquabacterium,unspecified,Salter et al. 2014,human-derived,unspecified,unspecified,
5,,,,Arthrobacter,unspecified,Salter et al. 2014,human-derived,unspecified,unspecified,
6,,,,Asticcacaulis,unspecified,Salter et al. 2014,human-derived,unspecified,unspecified,
7,,,,Aurantimonas,unspecified,Salter et al. 2014,human-derived,unspecified,unspecified,
8,,,,Azoarcus,unspecified,Salter et al. 2014,human-derived,unspecified,unspecified,
9,,,,Azospira,unspecified,Salter et al. 2014,human-derived,unspecified,unspecified,
10,,,,Bacillus,unspecified,Salter et al. 2014,human-derived,unspecified,unspecified,
11,,,,Beijerinckia,unspecified,Salter et al. 2014,human-derived,unspecified,unspecified,
12,,,,Beutenbergia,unspecified,Salter et al. 2014,human-derived,unspecified,unspecified,
13,,,,Bosea,unspecified,Salter et al. 2014,human-derived,unspecified,unspecified,
14,,,,Bradyrhizobium,unspecified,Salter et al. 2014,human-derived,unspecified,unspecified,
15,,,,Brevibacillus,unspecified,Salter et al. 2014,human-derived,unspecified,unspecified,
16,,,,Brevibacterium,unspecified,Salter et al. 2014,human-derived,unspecified,unspecified,
17,,,,Brevundimonas,unspecified,Salter et al. 2014,human-derived,unspecified,unspecified,
18,,,,Brochothrix,unspecified,Salter et al. 2014,human-derived,unspecified,unspecified,
19,,,,Burkholderia,unspecified,Salter et al. 2014,human-derived,unspecified,unspecified,
20,,,,Caulobacter,unspecified,Salter et al. 2014,human-derived,unspecified,unspecified,
21,,,,Chryseobacterium,unspecified,Salter et al. 2014,human-derived,unspecified,unspecified,
22,,,,Comamonas,unspecified,Salter et al. 2014,human-derived,unspecified,unspecified,
23,,,,Corynebacterium,unspecified,Salter et al. 2014,human-derived,unspecified,unspecified,
24,,,,Craurococcus,unspecified,Salter et al. 2014,human-derived,unspecified,unspecified,
25,,,,Cupriavidus,unspecified,Salter et al. 2014,human-derived,unspecified,unspecified,
26,,,,Curtobacterium,unspecified,Salter et al. 2014,human-derived,unspecified,unspecified,
27,,,,Curvibacter,unspecified,Salter et al. 2014,human-derived,unspecified,unspecified,
28,,,,Deinococcus,unspecified,Salter et al. 2014,human-derived,unspecified,unspecified,
29,,,,Delftia,unspecified,Salter et al. 2014,human-derived,unspecified,unspecified,
30,,,,Devosia,unspecified,Salter et al. 2014,human-derived,unspecified,unspecified,
31,,,,Dietzia,unspecified,Salter et al. 2014,human-derived,unspecified,unspecified,
32,,,,Duganella,unspecified,Salter et al. 2014,human-derived,unspecified,unspecified,
33,,,,Dyadobacter,unspecified,Salter et al. 2014,human-derived,unspecified,unspecified,
34,,,,Flavobacterium,unspecified,Salter et al. 2014,human-derived,unspecified,unspecified,
35,,,,Geodermatophilus,unspecified,Salter et al. 2014,human-derived,unspecified,unspecified,
36,,,,Gp2,unspecified,Salter et al. 2014,S. bongori pure culture,V1-V2,Fast DNA Spin Kit for Soil,
37,,,,Gp3,unspecified,Salter et al. 2014,S. bongori pure culture,V1-V2,Fast DNA Spin Kit for Soil,
38,,,,Herbaspirillum,unspecified,Salter et al. 2014,human-derived,unspecified,unspecified,
39,,,,Hoeflea,unspecified,Salter et al. 2014,human-derived,unspecified,unspecified,
40,,,,Hydrotalea,unspecified,Salter et al. 2014,human-derived,unspecified,unspecified,
41,,,,Janibacter,unspecified,Salter et al. 2014,human-derived,unspecified,unspecified,
42,,,,Janthinobacterium,unspecified,Salter et al. 2014,human-derived,unspecified,unspecified,
43,,,,Kingella,unspecified,Salter et al. 2014,human-derived,unspecified,unspecified,
44,,,,Kocuria,unspecified,Salter et al. 2014,human-derived,unspecified,unspecified,
45,,,,Leptothrix,unspecified,Salter et al. 2014,human-derived,unspecified,unspecified,
46,,,,Limnobacter,unspecified,Salter et al. 2014,human-derived,unspecified,unspecified,
47,,,,Massilia,unspecified,Salter et al. 2014,human-derived,unspecified,unspecified,
48,,,,Mesorhizobium,unspecified,Salter et al. 2014,human-derived,unspecified,unspecified,
49,,,,Methylobacterium,unspecified,Salter et al. 2014,human-derived,unspecified,unspecified,
50,,,,Methylophilus,unspecified,Salter et al. 2014,human-derived,unspecified,unspecified,
51,,,,Microbacterium,unspecified,Salter et al. 2014,human-derived,unspecified,unspecified,
52,,,,Micrococcus,unspecified,Salter et al. 2014,human-derived,unspecified,unspecified,
53,,,,Microlunatus,unspecified,Salter et al. 2014,human-derived,unspecified,unspecified,
54,,,,Niastella,unspecified,Salter et al. 2014,human-derived,unspecified,unspecified,
55,,,,Novosphingobium,unspecified,Salter et al. 2014,human-derived,unspecified,unspecified,
56,,,,Ochrobactrum,unspecified,Salter et al. 2014,human-derived,unspecified,unspecified,
57,,,,Olivibacter,unspecified,Salter et al. 2014,human-derived,unspecified,unspecified,
58,,,,Oxalobacter,unspecified,Salter et al. 2014,human-derived,unspecified,unspecified,
59,,,,Paenibacillus,unspecified,Salter et al. 2014,human-derived,unspecified,unspecified,
60,,,,Paracoccus,unspecified,Salter et al. 2014,human-derived,unspecified,unspecified,
61,,,,Patulibacter,unspecified,Salter et al. 2014,human-derived,unspecified,unspecified,
62,,,,Pedobacter,unspecified,Salter et al. 2014,human-derived,unspecified,unspecified,
63,,,,Pedomicrobium,unspecified,Salter et al. 2014,human-derived,unspecified,unspecified,
64,,,,Pelomonas,unspecified,Salter et al. 2014,human-derived,unspecified,unspecified,
65,,,,Phyllobacterium,unspecified,Salter et al. 2014,human-derived,unspecified,unspecified,
66,,,,Polaromonas,unspecified,Salter et al. 2014,human-derived,unspecified,unspecified,
67,,,,Propionibacterium,unspecified,Salter et al. 2014,human-derived,unspecified,unspecified,
68,,,,Racklamia,unspecified,Salter et al. 2014,human-derived,unspecified,unspecified,
69,,,,Ralstonia,unspecified,Salter et al. 2014,human-derived,unspecified,unspecified,
70,,,,Rhizobium,unspecified,Salter et al. 2014,human-derived,unspecified,unspecified,
71,,,,Rhodococcus,unspecified,Salter et al. 2014,human-derived,unspecified,unspecified,
72,,,,Roseomonas,unspecified,Salter et al. 2014,human-derived,unspecified,unspecified,
73,,,,Schlegelella,unspecified,Salter et al. 2014,human-derived,unspecified,unspecified,
74,,,,Sphingobium,unspecified,Salter et al. 2014,human-derived,unspecified,unspecified,
75,,,,Sphingomonas,unspecified,Salter et al. 2014,human-derived,unspecified,unspecified,
76,,,,Sphingopyxis,unspecified,Salter et al. 2014,human-derived,unspecified,unspecified,
77,,,,Streptococcus,unspecified,Salter et al. 2014,human-derived,unspecified,unspecified,
78,,,,Sulfuritalea,unspecified,Salter et al. 2014,human-derived,unspecified,unspecified,
79,,,,Tsukamurella,unspecified,Salter et al. 2014,human-derived,unspecified,unspecified,
80,,,,Undibacterium,unspecified,Salter et al. 2014,human-derived,unspecified,unspecified,
81,,,,Variovorax,unspecified,Salter et al. 2014,human-derived,unspecified,unspecified,
82,,,,Wautersiella,unspecified,Salter et al. 2014,human-derived,unspecified,unspecified,
83,,,,Brevibacterium,unspecified,Salter et al. 2014,S. bongori,V1-V2,Fast DNA Spin Kit for Soil,
84,,,,Dietzia,unspecified,Salter et al. 2014,S. bongori,V1-V2,Fast DNA Spin Kit for Soil,
85,,,,Zimmermannella,unspecified,Salter et al. 2014,S. bongori,V1-V2,Fast DNA Spin Kit for Soil,
86,,,,Microlunatus,unspecified,Salter et al. 2014,S. bongori,V1-V2,Fast DNA Spin Kit for Soil,
87,,,Propionibacteriaceae,unspecified,unspecified,Salter et al. 2014,S. bongori,V1-V2,Fast DNA Spin Kit for Soil,
88,,,,Sanguibacter,unspecified,Salter et al. 2014,S. bongori,V1-V2,Fast DNA Spin Kit for Soil,
89,,,,Bifidobacterium,unspecified,Salter et al. 2014,S. bongori,V1-V2,Fast DNA Spin Kit for Soil,
90,Actinobacteria,unspecified,unspecified,unspecified,unspecified,Salter et al. 2014,S. bongori,V1-V2,Fast DNA Spin Kit for Soil,
91,,,Porphyromonadaceae,unspecified,unspecified,Salter et al. 2014,S. bongori,V1-V2,Fast DNA Spin Kit for Soil,
92,,,,Prevotella,unspecified,Salter et al. 2014,S. bongori,V1-V2,Fast DNA Spin Kit for Soil,
93,,,,Wautersiella,unspecified,Salter et al. 2014,S. bongori,V1-V2,Fast DNA Spin Kit for Soil,
94,,,,Filimonas,unspecified,Salter et al. 2014,S. bongori,V1-V2,Fast DNA Spin Kit for Soil,
95,,,,Hydrotalea,unspecified,Salter et al. 2014,S. bongori,V1-V2,Fast DNA Spin Kit for Soil,
96,,,Chitinophagaceae,unspecified,unspecified,Salter et al. 2014,S. bongori,V1-V2,Fast DNA Spin Kit for Soil,
97,,,,Hymenobacter,unspecified,Salter et al. 2014,S. bongori,V1-V2,Fast DNA Spin Kit for Soil,
98,,,,Deinococcus,unspecified,Salter et al. 2014,S. bongori,V1-V2,Fast DNA Spin Kit for Soil,
99,,,,Bacillus,unspecified,Salter et al. 2014,S. bongori,V1-V2,Fast DNA Spin Kit for Soil,
100,,,,Exiguobacterium,unspecified,Salter et al. 2014,S. bongori,V1-V2,Fast DNA Spin Kit for Soil,
101,,,,Enterococcus,unspecified,Salter et al. 2014,S. bongori,V1-V2,Fast DNA Spin Kit for Soil,
102,,,,Lactobacillus,unspecified,Salter et al. 2014,S. bongori,V1-V2,Fast DNA Spin Kit for Soil,
103,,,,Lactococcus,unspecified,Salter et al. 2014,S. bongori,V1-V2,Fast DNA Spin Kit for Soil,
104,,,,Finegoldia,unspecified,Salter et al. 2014,S. bongori,V1-V2,Fast DNA Spin Kit for Soil,
105,,,,Eubacterium,unspecified,Salter et al. 2014,S. bongori,V1-V2,Fast DNA Spin Kit for Soil,
106,,,,Dorea,unspecified,Salter et al. 2014,S. bongori,V1-V2,Fast DNA Spin Kit for Soil,
107,,,,Moryella,unspecified,Salter et al. 2014,S. bongori,V1-V2,Fast DNA Spin Kit for Soil,
108,,Clostridiales,unspecified,unspecified,unspecified,Salter et al. 2014,S. bongori,V1-V2,Fast DNA Spin Kit for Soil,
109,Clostridia,unspecified,unspecified,unspecified,unspecified,Salter et al. 2014,S. bongori,V1-V2,Fast DNA Spin Kit for Soil,
110,,,,Fusobacterium,unspecified,Salter et al. 2014,S. bongori,V1-V2,Fast DNA Spin Kit for Soil,
111,,,,Leptotrichia,unspecified,Salter et al. 2014,S. bongori,V1-V2,Fast DNA Spin Kit for Soil,
112,,Fusobacteriales,unspecified,unspecified,unspecified,Salter et al. 2014,S. bongori,V1-V2,Fast DNA Spin Kit for Soil,
113,,,,Rhizomicrobium,unspecified,Salter et al. 2014,S. bongori,V1-V2,Fast DNA Spin Kit for Soil,
114,,,,Caulobacter,unspecified,Salter et al. 2014,S. bongori,V1-V2,Fast DNA Spin Kit for Soil,
115,,,,Phenylobacterium,unspecified,Salter et al. 2014,S. bongori,V1-V2,Fast DNA Spin Kit for Soil,
116,,,,Chelatococcus,unspecified,Salter et al. 2014,S. bongori,V1-V2,Fast DNA Spin Kit for Soil,
117,,,,Bradyrhizobium,unspecified,Salter et al. 2014,S. bongori,V1-V2,Fast DNA Spin Kit for Soil,
118,,,,Pseudochrobactrum,unspecified,Salter et al. 2014,S. bongori,V1-V2,Fast DNA Spin Kit for Soil,
119,,,,Mesorhizobium,unspecified,Salter et al. 2014,S. bongori,V1-V2,Fast DNA Spin Kit for Soil,
120,,,,Pannonibacter,unspecified,Salter et al. 2014,S. bongori,V1-V2,Fast DNA Spin Kit for Soil,
121,,,,Rubellimicrobium,unspecified,Salter et al. 2014,S. bongori,V1-V2,Fast DNA Spin Kit for Soil,
122,,,,Gluconobacter,unspecified,Salter et al. 2014,S. bongori,V1-V2,Fast DNA Spin Kit for Soil,
123,,,,Telmatospirillum,unspecified,Salter et al. 2014,S. bongori,V1-V2,Fast DNA Spin Kit for Soil,
124,,,,Porphyrobacter,unspecified,Salter et al. 2014,S. bongori,V1-V2,Fast DNA Spin Kit for Soil,
125,,,Erythrobacteraceae,unspecified,unspecified,Salter et al. 2014,S. bongori,V1-V2,Fast DNA Spin Kit for Soil,
126,,,,Burkholderia,unspecified,Salter et al. 2014,S. bongori,V1-V2,Fast DNA Spin Kit for Soil,
127,,,Burkholderiaceae,unspecified,unspecified,Salter et al. 2014,S. bongori,V1-V2,Fast DNA Spin Kit for Soil,
128,,,,Curvibacter,unspecified,Salter et al. 2014,S. bongori,V1-V2,Fast DNA Spin Kit for Soil,
129,,,,Schlegelella,unspecified,Salter et al. 2014,S. bongori,V1-V2,Fast DNA Spin Kit for Soil,
130,,,,Variovorax,unspecified,Salter et al. 2014,S. bongori,V1-V2,Fast DNA Spin Kit for Soil,
131,,,Comamonadaceae,unspecified,unspecified,Salter et al. 2014,S. bongori,V1-V2,Fast DNA Spin Kit for Soil,
132,,,,Sulfuritalea,unspecified,Salter et al. 2014,S. bongori,V1-V2,Fast DNA Spin Kit for Soil,
133,,,Rhodocyclaceae,unspecified,unspecified,Salter et al. 2014,S. bongori,V1-V2,Fast DNA Spin Kit for Soil,
134,,Myxococcales,unspecified,unspecified,unspecified,Salter et al. 2014,S. bongori,V1-V2,Fast DNA Spin Kit for Soil,
135,Deltaproteobacteria,unspecified,unspecified,unspecified,unspecified,Salter et al. 2014,S. bongori,V1-V2,Fast DNA Spin Kit for Soil,
136,,,,Shewanella,unspecified,Salter et al. 2014,S. bongori,V1-V2,Fast DNA Spin Kit for Soil,
137,,,,Serratia,unspecified,Salter et al. 2014,S. bongori,V1-V2,Fast DNA Spin Kit for Soil,
138,,,,Haemophilus,unspecified,Salter et al. 2014,S. bongori,V1-V2,Fast DNA Spin Kit for Soil,
139,,,Pasteurellaceae,unspecified,unspecified,Salter et al. 2014,S. bongori,V1-V2,Fast DNA Spin Kit for Soil,
140,,,,Dokdenella,unspecified,Salter et al. 2014,S. bongori,V1-V2,Fast DNA Spin Kit for Soil,
141,,,,Dyella,unspecified,Salter et al. 2014,S. bongori,V1-V2,Fast DNA Spin Kit for Soil,
142,,,,Leptospira,unspecified,Salter et al. 2014,S. bongori,V1-V2,Fast DNA Spin Kit for Soil,
143,,,,Pseudomonas,unspecified,Salter et al. 2014,S. bongori,V1-V2,Fast DNA Spin Kit for Soil,
144,,,,Acinetobacter,unspecified,Salter et al. 2014,S. bongori,V1-V2,Fast DNA Spin Kit for Soil,
145,,,Enterobacteraceae,unspecified,unspecified,Salter et al. 2014,S. bongori,V1-V2,Fast DNA Spin Kit for Soil,
146,,,,Enterobacter,unspecified,Salter et al. 2014,S. bongori,V1-V2,Fast DNA Spin Kit for Soil,
147,,,,Chryseobacterium,unspecified,Salter et al. 2014,S. bongori,V1-V2,Fast DNA Spin Kit for Soil,
148,,,,Massilia,unspecified,Salter et al. 2014,S. bongori,V1-V2,Fast DNA Spin Kit for Soil,
149,,,,Delftia,unspecified,Salter et al. 2014,S. bongori,V1-V2,Fast DNA Spin Kit for Soil,
150,,,,Ralstonia,unspecified,Salter et al. 2014,S. bongori,V1-V2,Fast DNA Spin Kit for Soil,
151,,,,Streptococcus,unspecified,Salter et al. 2014,S. bongori,V1-V2,Fast DNA Spin Kit for Soil,
152,,,,Facklamia,unspecified,Salter et al. 2014,S. bongori,V1-V2,Fast DNA Spin Kit for Soil,
153,,,,Sphingomonas,unspecified,Salter et al. 2014,S. bongori,V1-V2,Fast DNA Spin Kit for Soil,
154,,,,Ochrobactrum,unspecified,Salter et al. 2014,S. bongori,V1-V2,Fast DNA Spin Kit for Soil,
155,,,,Propionibacterium,unspecified,Salter et al. 2014,S. bongori,V1-V2,Fast DNA Spin Kit for Soil,
156,,,,Rhodococcus,unspecified,Salter et al. 2014,S. bongori,V1-V2,Fast DNA Spin Kit for Soil,
157,,,,Arthrobacter,unspecified,Salter et al. 2014,S. bongori,V1-V2,Fast DNA Spin Kit for Soil,
158,,,,Microbacterium,unspecified,Salter et al. 2014,S. bongori,V1-V2,Fast DNA Spin Kit for Soil,
159,,,,Curtobacterium,unspecified,Salter et al. 2014,S. bongori,V1-V2,Fast DNA Spin Kit for Soil,
160,,,,Corynebacterium,unspecified,Salter et al. 2014,S. bongori,V1-V2,Fast DNA Spin Kit for Soil,
161,,,,Salmonella,bongori,Salter et al. 2014,S. bongori,V1-V2,Fast DNA Spin Kit for Soil,
162,,,Coriobacteriaceae,unspecified,unspecified,Lauder et al. 2016,"placenta, oral, vagina",V1-V2,MO BIO PowerSoil DNA Isolation Kit,
163,,,,Actinomyces,unspecified,Lauder et al. 2016,"placenta, oral, vagina",V1-V2,MO BIO PowerSoil DNA Isolation Kit,
164,,,,Atopobium,unspecified,Lauder et al. 2016,"placenta, oral, vagina",V1-V2,MO BIO PowerSoil DNA Isolation Kit,
165,,,,Rothia,unspecified,Lauder et al. 2016,"placenta, oral, vagina",V1-V2,MO BIO PowerSoil DNA Isolation Kit,
166,,,S24-7,unspecified,unspecified,Lauder et al. 2016,"placenta, oral, vagina",V1-V2,MO BIO PowerSoil DNA Isolation Kit,
167,,,,Capnocytophaga,unspecified,Lauder et al. 2016,"placenta, oral, vagina",V1-V2,MO BIO PowerSoil DNA Isolation Kit,
168,,,,Porphyromonas,unspecified,Lauder et al. 2016,"placenta, oral, vagina",V1-V2,MO BIO PowerSoil DNA Isolation Kit,
169,,,,Prevotella,unspecified,Lauder et al. 2016,"placenta, oral, vagina",V1-V2,MO BIO PowerSoil DNA Isolation Kit,
170,,Streptophyta,unspecified,unspecified,unspecified,Lauder et al. 2016,"placenta, oral, vagina",V1-V2,MO BIO PowerSoil DNA Isolation Kit,
171,,,,Bulleidia,unspecified,Lauder et al. 2016,"placenta, oral, vagina",V1-V2,MO BIO PowerSoil DNA Isolation Kit,
172,,,,Coprococcus,unspecified,Lauder et al. 2016,"placenta, oral, vagina",V1-V2,MO BIO PowerSoil DNA Isolation Kit,
173,,,,Enterococcus,unspecified,Lauder et al. 2016,"placenta, oral, vagina",V1-V2,MO BIO PowerSoil DNA Isolation Kit,
174,,,,Granulicatella,unspecified,Lauder et al. 2016,"placenta, oral, vagina",V1-V2,MO BIO PowerSoil DNA Isolation Kit,
175,,,,Lactobacillus,unspecified,Lauder et al. 2016,"placenta, oral, vagina",V1-V2,MO BIO PowerSoil DNA Isolation Kit,
176,,,,Oribacterium,unspecified,Lauder et al. 2016,"placenta, oral, vagina",V1-V2,MO BIO PowerSoil DNA Isolation Kit,
177,,,,Streptococcus,unspecified,Lauder et al. 2016,"placenta, oral, vagina",V1-V2,MO BIO PowerSoil DNA Isolation Kit,
178,,,,Veillonella,unspecified,Lauder et al. 2016,"placenta, oral, vagina",V1-V2,MO BIO PowerSoil DNA Isolation Kit,
179,,,,Fusobacterium,unspecified,Lauder et al. 2016,"placenta, oral, vagina",V1-V2,MO BIO PowerSoil DNA Isolation Kit,
180,,,,Leptotrichia,unspecified,Lauder et al. 2016,"placenta, oral, vagina",V1-V2,MO BIO PowerSoil DNA Isolation Kit,
181,,,,Haemophilus,unspecified,Lauder et al. 2016,"placenta, oral, vagina",V1-V2,MO BIO PowerSoil DNA Isolation Kit,
182,,,,Neisseria,unspecified,Lauder et al. 2016,"placenta, oral, vagina",V1-V2,MO BIO PowerSoil DNA Isolation Kit,
183,TM7-3,unspecified,unspecified,unspecified,unspecified,Lauder et al. 2016,"placenta, oral, vagina",V1-V2,MO BIO PowerSoil DNA Isolation Kit,
184,,,,Propionibacterium,unspecified,Lauder et al. 2016,"placenta, oral, vagina",V1-V2,PSP Stool DNA Plus,
185,,,,Actinomyces,unspecified,Lauder et al. 2016,"placenta, oral, vagina",V1-V2,PSP Stool DNA Plus,
186,,,,Rothia,unspecified,Lauder et al. 2016,"placenta, oral, vagina",V1-V2,PSP Stool DNA Plus,
187,,,,Porphyromonas,unspecified,Lauder et al. 2016,"placenta, oral, vagina",V1-V2,PSP Stool DNA Plus,
188,,,,Prevotella,unspecified,Lauder et al. 2016,"placenta, oral, vagina",V1-V2,PSP Stool DNA Plus,
189,,,,Sedimentibacterium,unspecified,Lauder et al. 2016,"placenta, oral, vagina",V1-V2,PSP Stool DNA Plus,
190,,,,Aerococcus,unspecified,Lauder et al. 2016,"placenta, oral, vagina",V1-V2,PSP Stool DNA Plus,
191,,,,Granulicatella,unspecified,Lauder et al. 2016,"placenta, oral, vagina",V1-V2,PSP Stool DNA Plus,
192,,,,Lactobacillus,unspecified,Lauder et al. 2016,"placenta, oral, vagina",V1-V2,PSP Stool DNA Plus,
193,,,,Shuttleworthia,unspecified,Lauder et al. 2016,"placenta, oral, vagina",V1-V2,PSP Stool DNA Plus,
194,,,,Streptococcus,unspecified,Lauder et al. 2016,"placenta, oral, vagina",V1-V2,PSP Stool DNA Plus,
195,,,,Veillonella,unspecified,Lauder et al. 2016,"placenta, oral, vagina",V1-V2,PSP Stool DNA Plus,
196,,,,Fusobacterium,unspecified,Lauder et al. 2016,"placenta, oral, vagina",V1-V2,PSP Stool DNA Plus,
197,,Clostridiales,unspecified,unspecified,unspecified,Lauder et al. 2016,"placenta, oral, vagina",V1-V2,MO BIO PowerSoil DNA Isolation Kit,
198,,Clostridiales,unspecified,unspecified,unspecified,Lauder et al. 2016,"placenta, oral, vagina",V1-V2,PSP Stool DNA Plus,
199,,,,Leptotrichia,unspecified,Lauder et al. 2016,"placenta, oral, vagina",V1-V2,PSP Stool DNA Plus,
200,,,Bradyrhizobiaceae,unspecified,unspecified,Lauder et al. 2016,"placenta, oral, vagina",V1-V2,PSP Stool DNA Plus,
201,,,Enterobacteraceae,unspecified,unspecified,Lauder et al. 2016,"placenta, oral, vagina",V1-V2,PSP Stool DNA Plus,
202,,,Neisseriaceae,unspecified,unspecified,Lauder et al. 2016,"placenta, oral, vagina",V1-V2,PSP Stool DNA Plus,
203,,,Phyllobacteriaceae,unspecified,unspecified,Lauder et al. 2016,"placenta, oral, vagina",V1-V2,PSP Stool DNA Plus,
204,,,,Acinetobacter,unspecified,Lauder et al. 2016,"placenta, oral, vagina",V1-V2,PSP Stool DNA Plus,
205,,,,Haemophilus,unspecified,Lauder et al. 2016,"placenta, oral, vagina",V1-V2,PSP Stool DNA Plus,
206,,,,Methylobacterium,unspecified,Lauder et al. 2016,"placenta, oral, vagina",V1-V2,PSP Stool DNA Plus,
207,,,,Neisseria,unspecified,Lauder et al. 2016,"placenta, oral, vagina",V1-V2,PSP Stool DNA Plus,
208,TM7-3,unspecified,unspecified,unspecified,unspecified,Lauder et al. 2016,"placenta, oral, vagina",V1-V2,PSP Stool DNA Plus,
209,,,Comamonadaceae,unspecified,unspecified,Lauder et al. 2016,"placenta, oral, vagina",V1-V2,MO BIO PowerSoil DNA Isolation Kit,
210,,,Coriobacteriaceae,unspecified,unspecified,Lauder et al. 2016,"placenta, oral, vagina",V1-V2,MO BIO PowerSoil DNA Isolation Kit,
211,,,Enterobacteraceae,unspecified,unspecified,Lauder et al. 2016,"placenta, oral, vagina",V1-V2,MO BIO PowerSoil DNA Isolation Kit,
212,,,,Acidobacteria,unspecified,Jousselin et al. 2015,aphid microbiome,V4,Qiagen DNeasy Blood and Tissue Kit,
213,,,,Acinetobacter,unspecified,Jousselin et al. 2015,aphid microbiome,V4,Qiagen DNeasy Blood and Tissue Kit,
214,,,,Anaerococcus,unspecified,Jousselin et al. 2015,aphid microbiome,V4,Qiagen DNeasy Blood and Tissue Kit,
215,,,,Anoxybacillus,unspecified,Jousselin et al. 2015,aphid microbiome,V4,Qiagen DNeasy Blood and Tissue Kit,
216,,,,Arthrobacter,unspecified,Jousselin et al. 2015,aphid microbiome,V4,Qiagen DNeasy Blood and Tissue Kit,
217,,,Bradyrhizobiaceae,unspecified,unspecified,Jousselin et al. 2015,aphid microbiome,V4,Qiagen DNeasy Blood and Tissue Kit,
218,,,,Brevibacillus,unspecified,Jousselin et al. 2015,aphid microbiome,V4,Qiagen DNeasy Blood and Tissue Kit,
219,,,,Brevimundus,unspecified,Jousselin et al. 2015,aphid microbiome,V4,Qiagen DNeasy Blood and Tissue Kit,
220,,,,Buchnera,unspecified,Jousselin et al. 2015,aphid microbiome,V4,Qiagen DNeasy Blood and Tissue Kit,
221,,,Caulobacteraceae,unspecified,unspecified,Jousselin et al. 2015,aphid microbiome,V4,Qiagen DNeasy Blood and Tissue Kit,
222,,,Chitinophagaceae,unspecified,unspecified,Jousselin et al. 2015,aphid microbiome,V4,Qiagen DNeasy Blood and Tissue Kit,
223,,,Comamonadaceae,unspecified,unspecified,Jousselin et al. 2015,aphid microbiome,V4,Qiagen DNeasy Blood and Tissue Kit,
224,,,,Corynebacterium,unspecified,Jousselin et al. 2015,aphid microbiome,V4,Qiagen DNeasy Blood and Tissue Kit,
225,,,,Fodinicola,unspecified,Jousselin et al. 2015,aphid microbiome,V4,Qiagen DNeasy Blood and Tissue Kit,
226,,,,Geobacillus,unspecified,Jousselin et al. 2015,aphid microbiome,V4,Qiagen DNeasy Blood and Tissue Kit,
227,,,,Halomonas,unspecified,Jousselin et al. 2015,aphid microbiome,V4,Qiagen DNeasy Blood and Tissue Kit,
228,,,,Hamiltonella,unspecified,Jousselin et al. 2015,aphid microbiome,V4,Qiagen DNeasy Blood and Tissue Kit,
229,,,,Hydrogenophilus,unspecified,Jousselin et al. 2015,aphid microbiome,V4,Qiagen DNeasy Blood and Tissue Kit,
230,,,,Hymenobacter,unspecified,Jousselin et al. 2015,aphid microbiome,V4,Qiagen DNeasy Blood and Tissue Kit,
231,,,,Lactococcus,unspecified,Jousselin et al. 2015,aphid microbiome,V4,Qiagen DNeasy Blood and Tissue Kit,
232,,,,Leptospira,unspecified,Jousselin et al. 2015,aphid microbiome,V4,Qiagen DNeasy Blood and Tissue Kit,
233,,,,Methylobacterium,unspecified,Jousselin et al. 2015,aphid microbiome,V4,Qiagen DNeasy Blood and Tissue Kit,
234,,,Oxalobacteraceae,unspecified,unspecified,Jousselin et al. 2015,aphid microbiome,V4,Qiagen DNeasy Blood and Tissue Kit,
235,,,,Paenibacillus,unspecified,Jousselin et al. 2015,aphid microbiome,V4,Qiagen DNeasy Blood and Tissue Kit,
236,,,,Phenylobacterium,unspecified,Jousselin et al. 2015,aphid microbiome,V4,Qiagen DNeasy Blood and Tissue Kit,
237,,,,Propionibacterium,unspecified,Jousselin et al. 2015,aphid microbiome,V4,Qiagen DNeasy Blood and Tissue Kit,
238,,,,Pseudomonas,unspecified,Jousselin et al. 2015,aphid microbiome,V4,Qiagen DNeasy Blood and Tissue Kit,
239,,,,Ralstonia,unspecified,Jousselin et al. 2015,aphid microbiome,V4,Qiagen DNeasy Blood and Tissue Kit,
240,,,Rhizobiaceae,unspecified,unspecified,Jousselin et al. 2015,aphid microbiome,V4,Qiagen DNeasy Blood and Tissue Kit,
241,,,Rhodobacteraceae,unspecified,unspecified,Jousselin et al. 2015,aphid microbiome,V4,Qiagen DNeasy Blood and Tissue Kit,
242,,,,Rhodococcus,unspecified,Jousselin et al. 2015,aphid microbiome,V4,Qiagen DNeasy Blood and Tissue Kit,
243,,,,Rhodoluna,unspecified,Jousselin et al. 2015,aphid microbiome,V4,Qiagen DNeasy Blood and Tissue Kit,
244,,,,Serratia,unspecified,Jousselin et al. 2015,aphid microbiome,V4,Qiagen DNeasy Blood and Tissue Kit,
245,,,,Sorangium,unspecified,Jousselin et al. 2015,aphid microbiome,V4,Qiagen DNeasy Blood and Tissue Kit,
246,,,,Sphingomonas,unspecified,Jousselin et al. 2015,aphid microbiome,V4,Qiagen DNeasy Blood and Tissue Kit,
247,,,,Shingopyxis,unspecified,Jousselin et al. 2015,aphid microbiome,V4,Qiagen DNeasy Blood and Tissue Kit,
248,,,,Staphylococcus,unspecified,Jousselin et al. 2015,aphid microbiome,V4,Qiagen DNeasy Blood and Tissue Kit,
249,,,,Staphylococcus,unspecified,Lazarevic et al. 2016,"Staphylococcus aureus, Escherichia coli",V3-V4,Macherey-Nagel NucleoSpin Soil,
250,,,,Escherichia,unspecified,Lazarevic et al. 2016,"Staphylococcus aureus, Escherichia coli",V3-V4,Macherey-Nagel NucleoSpin Soil,
251,,,,Kocuria,unspecified,Lazarevic et al. 2016,"Staphylococcus aureus, Escherichia coli",V3-V4,Macherey-Nagel NucleoSpin Soil,
252,,,,Lactococcus,unspecified,Lazarevic et al. 2016,"Staphylococcus aureus, Escherichia coli",V3-V4,Macherey-Nagel NucleoSpin Soil,
253,,,,Pseudomonas,unspecified,Lazarevic et al. 2016,"Staphylococcus aureus, Escherichia coli",V3-V4,Macherey-Nagel NucleoSpin Soil,
254,,,,Rhodococcus,unspecified,Lazarevic et al. 2016,"Staphylococcus aureus, Escherichia coli",V3-V4,Macherey-Nagel NucleoSpin Soil,
255,,,,Stenotrophomonas,unspecified,Meadow et al. 2015,indoor air,V4,MO BIO PowerSoil DNA Isolation Kit,
256,,,,Citrobacter,unspecified,Meadow et al. 2015,indoor air,V4,MO BIO PowerSoil DNA Isolation Kit,
257,,,,Brevundimonas,unspecified,Jervis-Bardy et al. 2015,"nasopharyngeal, adenoid, middle ear fluid",V1-V2,QIAamp DNA Mini Kit ,
258,,,,Chryseobacterium,unspecified,Jervis-Bardy et al. 2015,"nasopharyngeal, adenoid, middle ear fluid",V1-V2,QIAamp DNA Mini Kit ,
259,,,,Pelomonas,unspecified,Jervis-Bardy et al. 2015,"nasopharyngeal, adenoid, middle ear fluid",V1-V2,QIAamp DNA Mini Kit ,
260,,,,Phyllobacterium,unspecified,Jervis-Bardy et al. 2015,"nasopharyngeal, adenoid, middle ear fluid",V1-V2,QIAamp DNA Mini Kit ,
261,,,,Pseudomonas,unspecified,Jervis-Bardy et al. 2015,"nasopharyngeal, adenoid, middle ear fluid",V1-V2,QIAamp DNA Mini Kit ,
262,,,,Ralstonia,unspecified,Jervis-Bardy et al. 2015,"nasopharyngeal, adenoid, middle ear fluid",V1-V2,QIAamp DNA Mini Kit ,
263,,,,Variovorax,unspecified,Jervis-Bardy et al. 2015,"nasopharyngeal, adenoid, middle ear fluid",V1-V2,QIAamp DNA Mini Kit ,
264,,,,Methylobacterium,aminovarians,Barton et al. 2006,Salmonella typhimurium; low-biomass geologic samples,V1-V4,custom,
265,,,,Methylobacterium,extorquens,Barton et al. 2006,Salmonella typhimurium; low-biomass geologic samples,V1-V4,custom,
266,,,,Brevimundus,nasdae,Barton et al. 2006,Salmonella typhimurium; low-biomass geologic samples,V1-V4,custom,
267,,,,Sphingomonas,unspecified,Barton et al. 2006,Salmonella typhimurium; low-biomass geologic samples,V1-V4,custom,
268,,,,Agrobacterium,tumefaciens,Barton et al. 2006,Salmonella typhimurium; low-biomass geologic samples,V1-V4,custom,
269,,,,Ralstonia,unspecified,Barton et al. 2006,Salmonella typhimurium; low-biomass geologic samples,V1-V4,custom,
270,,,,Comamonas,unspecified,Barton et al. 2006,Salmonella typhimurium; low-biomass geologic samples,V1-V4,custom,
271,,,,Cupriavidus,respiraculi,Barton et al. 2006,Salmonella typhimurium; low-biomass geologic samples,V1-V4,custom,
272,,,,Massilia,unspecified,Barton et al. 2006,Salmonella typhimurium; low-biomass geologic samples,V1-V4,custom,
273,,,,Ralstonia,eutrophus,Barton et al. 2006,Salmonella typhimurium; low-biomass geologic samples,V1-V4,custom,
274,,,,Acidovorax,temperans,Barton et al. 2006,Salmonella typhimurium; low-biomass geologic samples,V1-V4,custom,
275,,,,Leptothrix,cholodnii,Barton et al. 2006,Salmonella typhimurium; low-biomass geologic samples,V1-V4,custom,
276,,,,Duganella,zoogloeoides,Barton et al. 2006,Salmonella typhimurium; low-biomass geologic samples,V1-V4,custom,
277,,,,Herbaspirillum,seropedicae,Barton et al. 2006,Salmonella typhimurium; low-biomass geologic samples,V1-V4,custom,
278,,,,Haemophilus,influenzae,Barton et al. 2006,Salmonella typhimurium; low-biomass geologic samples,V1-V4,custom,
279,,,,Acinetobacter,johnsonii,Barton et al. 2006,Salmonella typhimurium; low-biomass geologic samples,V1-V4,custom,
280,,,,Salmonella,typhimurium,Barton et al. 2006,Salmonella typhimurium; low-biomass geologic samples,V1-V4,custom,
281,,,,Stenotrophomonas,maltophilia,Barton et al. 2006,Salmonella typhimurium; low-biomass geologic samples,V1-V4,custom,
282,,,,Acinetobacter,unspecified,Barton et al. 2006,Salmonella typhimurium; low-biomass geologic samples,V1-V4,custom,
283,,,,Escherichia,coli,Barton et al. 2006,Salmonella typhimurium; low-biomass geologic samples,V1-V4,custom,
284,,,,Peptostreptococcus,micro,Barton et al. 2006,Salmonella typhimurium; low-biomass geologic samples,V1-V4,custom,
285,,,,Bradyrhizobium,lupini,Glassing et al. 2016,blood and/or intestinal tissue,V1-V3,MoBio PowerMax Soil DNA Isolation Kit for tissue; PreAnalytiX PAXgene Blood DNA Kit for blood,
286,,,,Burkholderia,pyrrocinia,Glassing et al. 2016,blood and/or intestinal tissue,V1-V3,MoBio PowerMax Soil DNA Isolation Kit for tissue; PreAnalytiX PAXgene Blood DNA Kit for blood,
287,,,,Phyllobacterium,myrsinacearum,Glassing et al. 2016,blood and/or intestinal tissue,V1-V3,MoBio PowerMax Soil DNA Isolation Kit for tissue; PreAnalytiX PAXgene Blood DNA Kit for blood,
288,,,,Abiotrophia,defectiva,Glassing et al. 2016,blood and/or intestinal tissue,V1-V3,MoBio PowerMax Soil DNA Isolation Kit for tissue; PreAnalytiX PAXgene Blood DNA Kit for blood,
289,,,,Actinomyces,lingnae,Glassing et al. 2016,blood and/or intestinal tissue,V1-V3,MoBio PowerMax Soil DNA Isolation Kit for tissue; PreAnalytiX PAXgene Blood DNA Kit for blood,
290,,,,Actinomyces,naeslundii,Glassing et al. 2016,blood and/or intestinal tissue,V1-V3,MoBio PowerMax Soil DNA Isolation Kit for tissue; PreAnalytiX PAXgene Blood DNA Kit for blood,
291,,,,Actinomyces,odontolyticus,Glassing et al. 2016,blood and/or intestinal tissue,V1-V3,MoBio PowerMax Soil DNA Isolation Kit for tissue; PreAnalytiX PAXgene Blood DNA Kit for blood,
292,,,,Actinomyces,spp.,Glassing et al. 2016,blood and/or intestinal tissue,V1-V3,MoBio PowerMax Soil DNA Isolation Kit for tissue; PreAnalytiX PAXgene Blood DNA Kit for blood,
293,,,,Actinomyces,viscosus,Glassing et al. 2016,blood and/or intestinal tissue,V1-V3,MoBio PowerMax Soil DNA Isolation Kit for tissue; PreAnalytiX PAXgene Blood DNA Kit for blood,
294,,,,Afipia,broomeae,Glassing et al. 2016,blood and/or intestinal tissue,V1-V3,MoBio PowerMax Soil DNA Isolation Kit for tissue; PreAnalytiX PAXgene Blood DNA Kit for blood,
295,,,,Agrococcus,jenensis,Glassing et al. 2016,blood and/or intestinal tissue,V1-V3,MoBio PowerMax Soil DNA Isolation Kit for tissue; PreAnalytiX PAXgene Blood DNA Kit for blood,
296,,,,Alcanivorax,venustensis,Glassing et al. 2016,blood and/or intestinal tissue,V1-V3,MoBio PowerMax Soil DNA Isolation Kit for tissue; PreAnalytiX PAXgene Blood DNA Kit for blood,
297,,,,Alicycliphilus,unclassified spp.,Glassing et al. 2016,blood and/or intestinal tissue,V1-V3,MoBio PowerMax Soil DNA Isolation Kit for tissue; PreAnalytiX PAXgene Blood DNA Kit for blood,
298,,,,Alistipes,putredinis,Glassing et al. 2016,blood and/or intestinal tissue,V1-V3,MoBio PowerMax Soil DNA Isolation Kit for tissue; PreAnalytiX PAXgene Blood DNA Kit for blood,
299,,,,Anaerococcus,hydrogenalis,Glassing et al. 2016,blood and/or intestinal tissue,V1-V3,MoBio PowerMax Soil DNA Isolation Kit for tissue; PreAnalytiX PAXgene Blood DNA Kit for blood,
300,,,,Anaerococcus,octavius,Glassing et al. 2016,blood and/or intestinal tissue,V1-V3,MoBio PowerMax Soil DNA Isolation Kit for tissue; PreAnalytiX PAXgene Blood DNA Kit for blood,
301,,,,Anaerotruncus,spp.,Glassing et al. 2016,blood and/or intestinal tissue,V1-V3,MoBio PowerMax Soil DNA Isolation Kit for tissue; PreAnalytiX PAXgene Blood DNA Kit for blood,
302,,,,Arthrobacter,psychrolactophilus,Glassing et al. 2016,blood and/or intestinal tissue,V1-V3,MoBio PowerMax Soil DNA Isolation Kit for tissue; PreAnalytiX PAXgene Blood DNA Kit for blood,
303,,,,Atopobium,parvulum,Glassing et al. 2016,blood and/or intestinal tissue,V1-V3,MoBio PowerMax Soil DNA Isolation Kit for tissue; PreAnalytiX PAXgene Blood DNA Kit for blood,
304,,,,Atopobium,spp.,Glassing et al. 2016,blood and/or intestinal tissue,V1-V3,MoBio PowerMax Soil DNA Isolation Kit for tissue; PreAnalytiX PAXgene Blood DNA Kit for blood,
305,,,,Aurantimonas,spp.,Glassing et al. 2016,blood and/or intestinal tissue,V1-V3,MoBio PowerMax Soil DNA Isolation Kit for tissue; PreAnalytiX PAXgene Blood DNA Kit for blood,
306,,,,Bacillus,licheniformis,Glassing et al. 2016,blood and/or intestinal tissue,V1-V3,MoBio PowerMax Soil DNA Isolation Kit for tissue; PreAnalytiX PAXgene Blood DNA Kit for blood,
307,,,,Bacillus,nealsonii,Glassing et al. 2016,blood and/or intestinal tissue,V1-V3,MoBio PowerMax Soil DNA Isolation Kit for tissue; PreAnalytiX PAXgene Blood DNA Kit for blood,
308,,,,Bacillus,thermoamylovorans,Glassing et al. 2016,blood and/or intestinal tissue,V1-V3,MoBio PowerMax Soil DNA Isolation Kit for tissue; PreAnalytiX PAXgene Blood DNA Kit for blood,
309,,,,Bacteroides, massiliensis,Glassing et al. 2016,blood and/or intestinal tissue,V1-V3,MoBio PowerMax Soil DNA Isolation Kit for tissue; PreAnalytiX PAXgene Blood DNA Kit for blood,
310,,,,Bacteroides, ovatus,Glassing et al. 2016,blood and/or intestinal tissue,V1-V3,MoBio PowerMax Soil DNA Isolation Kit for tissue; PreAnalytiX PAXgene Blood DNA Kit for blood,
311,,,,Bacteroides, spp.,Glassing et al. 2016,blood and/or intestinal tissue,V1-V3,MoBio PowerMax Soil DNA Isolation Kit for tissue; PreAnalytiX PAXgene Blood DNA Kit for blood,
312,,,,Bacteroides, thetaiotaomicron,Glassing et al. 2016,blood and/or intestinal tissue,V1-V3,MoBio PowerMax Soil DNA Isolation Kit for tissue; PreAnalytiX PAXgene Blood DNA Kit for blood,
313,,,,Bacteroides, uniformis,Glassing et al. 2016,blood and/or intestinal tissue,V1-V3,MoBio PowerMax Soil DNA Isolation Kit for tissue; PreAnalytiX PAXgene Blood DNA Kit for blood,
314,,,,Bacteroides, vulgatus,Glassing et al. 2016,blood and/or intestinal tissue,V1-V3,MoBio PowerMax Soil DNA Isolation Kit for tissue; PreAnalytiX PAXgene Blood DNA Kit for blood,
315,,,,Bifidobacterium,longum,Glassing et al. 2016,blood and/or intestinal tissue,V1-V3,MoBio PowerMax Soil DNA Isolation Kit for tissue; PreAnalytiX PAXgene Blood DNA Kit for blood,
316,,,,Blastococcus,saxobsidens,Glassing et al. 2016,blood and/or intestinal tissue,V1-V3,MoBio PowerMax Soil DNA Isolation Kit for tissue; PreAnalytiX PAXgene Blood DNA Kit for blood,
317,,,,Blautia,ruminococcus gnavus,Glassing et al. 2016,blood and/or intestinal tissue,V1-V3,MoBio PowerMax Soil DNA Isolation Kit for tissue; PreAnalytiX PAXgene Blood DNA Kit for blood,
318,,,,Blautia,unclassified spp.,Glassing et al. 2016,blood and/or intestinal tissue,V1-V3,MoBio PowerMax Soil DNA Isolation Kit for tissue; PreAnalytiX PAXgene Blood DNA Kit for blood,
319,,,,Brevibacillus,agri,Glassing et al. 2016,blood and/or intestinal tissue,V1-V3,MoBio PowerMax Soil DNA Isolation Kit for tissue; PreAnalytiX PAXgene Blood DNA Kit for blood,
320,,,,Brevibacillus,parabrevis,Glassing et al. 2016,blood and/or intestinal tissue,V1-V3,MoBio PowerMax Soil DNA Isolation Kit for tissue; PreAnalytiX PAXgene Blood DNA Kit for blood,
321,,,,Candidatus pelagibacter,ubique,Glassing et al. 2016,blood and/or intestinal tissue,V1-V3,MoBio PowerMax Soil DNA Isolation Kit for tissue; PreAnalytiX PAXgene Blood DNA Kit for blood,
322,,,,Candidatus_alysiosphaera,unclassified spp.,Glassing et al. 2016,blood and/or intestinal tissue,V1-V3,MoBio PowerMax Soil DNA Isolation Kit for tissue; PreAnalytiX PAXgene Blood DNA Kit for blood,
323,,,,Capnocytophaga,gingivalis,Glassing et al. 2016,blood and/or intestinal tissue,V1-V3,MoBio PowerMax Soil DNA Isolation Kit for tissue; PreAnalytiX PAXgene Blood DNA Kit for blood,
324,,,,Cardiobacterium,hominis,Glassing et al. 2016,blood and/or intestinal tissue,V1-V3,MoBio PowerMax Soil DNA Isolation Kit for tissue; PreAnalytiX PAXgene Blood DNA Kit for blood,
325,,,,Catenibacterium,unclassified spp.,Glassing et al. 2016,blood and/or intestinal tissue,V1-V3,MoBio PowerMax Soil DNA Isolation Kit for tissue; PreAnalytiX PAXgene Blood DNA Kit for blood,
326,,,,Chryseobacterium,isbiliense,Glassing et al. 2016,blood and/or intestinal tissue,V1-V3,MoBio PowerMax Soil DNA Isolation Kit for tissue; PreAnalytiX PAXgene Blood DNA Kit for blood,
327,,,,Chryseobacterium,unclassified spp.,Glassing et al. 2016,blood and/or intestinal tissue,V1-V3,MoBio PowerMax Soil DNA Isolation Kit for tissue; PreAnalytiX PAXgene Blood DNA Kit for blood,
328,,,,Cloacibacterium,unclassified spp.,Glassing et al. 2016,blood and/or intestinal tissue,V1-V3,MoBio PowerMax Soil DNA Isolation Kit for tissue; PreAnalytiX PAXgene Blood DNA Kit for blood,
329,,,,Clostridium,butyricum,Glassing et al. 2016,blood and/or intestinal tissue,V1-V3,MoBio PowerMax Soil DNA Isolation Kit for tissue; PreAnalytiX PAXgene Blood DNA Kit for blood,
330,,,,Clostridium,paraputrificum,Glassing et al. 2016,blood and/or intestinal tissue,V1-V3,MoBio PowerMax Soil DNA Isolation Kit for tissue; PreAnalytiX PAXgene Blood DNA Kit for blood,
331,,,,Clostridium,unclassified spp.,Glassing et al. 2016,blood and/or intestinal tissue,V1-V3,MoBio PowerMax Soil DNA Isolation Kit for tissue; PreAnalytiX PAXgene Blood DNA Kit for blood,
332,,,,Collinsella,aerofaciens,Glassing et al. 2016,blood and/or intestinal tissue,V1-V3,MoBio PowerMax Soil DNA Isolation Kit for tissue; PreAnalytiX PAXgene Blood DNA Kit for blood,
333,,,,Comamonas,denitrificans,Glassing et al. 2016,blood and/or intestinal tissue,V1-V3,MoBio PowerMax Soil DNA Isolation Kit for tissue; PreAnalytiX PAXgene Blood DNA Kit for blood,
334,,,,Coprococcus,unclassified spp.,Glassing et al. 2016,blood and/or intestinal tissue,V1-V3,MoBio PowerMax Soil DNA Isolation Kit for tissue; PreAnalytiX PAXgene Blood DNA Kit for blood,
335,,,,Corynebacterium,glucuronolyticum,Glassing et al. 2016,blood and/or intestinal tissue,V1-V3,MoBio PowerMax Soil DNA Isolation Kit for tissue; PreAnalytiX PAXgene Blood DNA Kit for blood,
336,,,,Corynebacterium,matruchotii,Glassing et al. 2016,blood and/or intestinal tissue,V1-V3,MoBio PowerMax Soil DNA Isolation Kit for tissue; PreAnalytiX PAXgene Blood DNA Kit for blood,
337,,,,Corynebacterium,tuberculostearicum,Glassing et al. 2016,blood and/or intestinal tissue,V1-V3,MoBio PowerMax Soil DNA Isolation Kit for tissue; PreAnalytiX PAXgene Blood DNA Kit for blood,
338,,,,Corynebacterium,unclassified spp.,Glassing et al. 2016,blood and/or intestinal tissue,V1-V3,MoBio PowerMax Soil DNA Isolation Kit for tissue; PreAnalytiX PAXgene Blood DNA Kit for blood,
339,,,,Corynebacterium,ureicelerivorans,Glassing et al. 2016,blood and/or intestinal tissue,V1-V3,MoBio PowerMax Soil DNA Isolation Kit for tissue; PreAnalytiX PAXgene Blood DNA Kit for blood,
340,,,,Corynebacterium,vitaeruminis,Glassing et al. 2016,blood and/or intestinal tissue,V1-V3,MoBio PowerMax Soil DNA Isolation Kit for tissue; PreAnalytiX PAXgene Blood DNA Kit for blood,
341,,,,Curvibacter,unclassified spp.,Glassing et al. 2016,blood and/or intestinal tissue,V1-V3,MoBio PowerMax Soil DNA Isolation Kit for tissue; PreAnalytiX PAXgene Blood DNA Kit for blood,
342,,,,Dialister,invisus,Glassing et al. 2016,blood and/or intestinal tissue,V1-V3,MoBio PowerMax Soil DNA Isolation Kit for tissue; PreAnalytiX PAXgene Blood DNA Kit for blood,
343,,,,Dialister,micraerophilus,Glassing et al. 2016,blood and/or intestinal tissue,V1-V3,MoBio PowerMax Soil DNA Isolation Kit for tissue; PreAnalytiX PAXgene Blood DNA Kit for blood,
344,,,,Dialister,unclassified spp.,Glassing et al. 2016,blood and/or intestinal tissue,V1-V3,MoBio PowerMax Soil DNA Isolation Kit for tissue; PreAnalytiX PAXgene Blood DNA Kit for blood,
345,,,,Dorea,formicigenerans,Glassing et al. 2016,blood and/or intestinal tissue,V1-V3,MoBio PowerMax Soil DNA Isolation Kit for tissue; PreAnalytiX PAXgene Blood DNA Kit for blood,
346,,,,Eggerthella,lenta,Glassing et al. 2016,blood and/or intestinal tissue,V1-V3,MoBio PowerMax Soil DNA Isolation Kit for tissue; PreAnalytiX PAXgene Blood DNA Kit for blood,
347,,,,Eggerthella,unclassified spp.,Glassing et al. 2016,blood and/or intestinal tissue,V1-V3,MoBio PowerMax Soil DNA Isolation Kit for tissue; PreAnalytiX PAXgene Blood DNA Kit for blood,
348,,,,Enhydrobacter,aerosaccus,Glassing et al. 2016,blood and/or intestinal tissue,V1-V3,MoBio PowerMax Soil DNA Isolation Kit for tissue; PreAnalytiX PAXgene Blood DNA Kit for blood,
349,,,,Enhydrobacter,unclassified spp.,Glassing et al. 2016,blood and/or intestinal tissue,V1-V3,MoBio PowerMax Soil DNA Isolation Kit for tissue; PreAnalytiX PAXgene Blood DNA Kit for blood,
350,,,,Enterococcus,faecalis,Glassing et al. 2016,blood and/or intestinal tissue,V1-V3,MoBio PowerMax Soil DNA Isolation Kit for tissue; PreAnalytiX PAXgene Blood DNA Kit for blood,
351,,,,Enterococcus,faecium,Glassing et al. 2016,blood and/or intestinal tissue,V1-V3,MoBio PowerMax Soil DNA Isolation Kit for tissue; PreAnalytiX PAXgene Blood DNA Kit for blood,
352,,,,Erysipelatoclostridium,clostridium innocuum,Glassing et al. 2016,blood and/or intestinal tissue,V1-V3,MoBio PowerMax Soil DNA Isolation Kit for tissue; PreAnalytiX PAXgene Blood DNA Kit for blood,
353,,,,Erysipelatoclostridium,clostridium ramosum,Glassing et al. 2016,blood and/or intestinal tissue,V1-V3,MoBio PowerMax Soil DNA Isolation Kit for tissue; PreAnalytiX PAXgene Blood DNA Kit for blood,
354,,,,Escherichia,coli,Glassing et al. 2016,blood and/or intestinal tissue,V1-V3,MoBio PowerMax Soil DNA Isolation Kit for tissue; PreAnalytiX PAXgene Blood DNA Kit for blood,
355,,,,Escherichia,fergusonii,Glassing et al. 2016,blood and/or intestinal tissue,V1-V3,MoBio PowerMax Soil DNA Isolation Kit for tissue; PreAnalytiX PAXgene Blood DNA Kit for blood,
356,,,,Escherichia_shigella,unclassified spp.,Glassing et al. 2016,blood and/or intestinal tissue,V1-V3,MoBio PowerMax Soil DNA Isolation Kit for tissue; PreAnalytiX PAXgene Blood DNA Kit for blood,
357,,,,Eubacterium,rectale,Glassing et al. 2016,blood and/or intestinal tissue,V1-V3,MoBio PowerMax Soil DNA Isolation Kit for tissue; PreAnalytiX PAXgene Blood DNA Kit for blood,
358,,,,Faecalibacterium,unclassified spp.,Glassing et al. 2016,blood and/or intestinal tissue,V1-V3,MoBio PowerMax Soil DNA Isolation Kit for tissue; PreAnalytiX PAXgene Blood DNA Kit for blood,
359,,,,Fastidiosipila,unclassified spp.,Glassing et al. 2016,blood and/or intestinal tissue,V1-V3,MoBio PowerMax Soil DNA Isolation Kit for tissue; PreAnalytiX PAXgene Blood DNA Kit for blood,
360,,,,Flavonifractor,unclassified spp.,Glassing et al. 2016,blood and/or intestinal tissue,V1-V3,MoBio PowerMax Soil DNA Isolation Kit for tissue; PreAnalytiX PAXgene Blood DNA Kit for blood,
361,,,,Fusobacterium,nucleatum,Glassing et al. 2016,blood and/or intestinal tissue,V1-V3,MoBio PowerMax Soil DNA Isolation Kit for tissue; PreAnalytiX PAXgene Blood DNA Kit for blood,
362,,,,Fusobacterium,unclassified spp.,Glassing et al. 2016,blood and/or intestinal tissue,V1-V3,MoBio PowerMax Soil DNA Isolation Kit for tissue; PreAnalytiX PAXgene Blood DNA Kit for blood,
363,,,,Gemella,haemolysans,Glassing et al. 2016,blood and/or intestinal tissue,V1-V3,MoBio PowerMax Soil DNA Isolation Kit for tissue; PreAnalytiX PAXgene Blood DNA Kit for blood,
364,,,,Gemella,sanguinis,Glassing et al. 2016,blood and/or intestinal tissue,V1-V3,MoBio PowerMax Soil DNA Isolation Kit for tissue; PreAnalytiX PAXgene Blood DNA Kit for blood,
365,,,,Geobacillus,thermoparaffinivorans,Glassing et al. 2016,blood and/or intestinal tissue,V1-V3,MoBio PowerMax Soil DNA Isolation Kit for tissue; PreAnalytiX PAXgene Blood DNA Kit for blood,
366,,,,Gordonia,otitidis,Glassing et al. 2016,blood and/or intestinal tissue,V1-V3,MoBio PowerMax Soil DNA Isolation Kit for tissue; PreAnalytiX PAXgene Blood DNA Kit for blood,
367,,,,Granulicatella,adiacens,Glassing et al. 2016,blood and/or intestinal tissue,V1-V3,MoBio PowerMax Soil DNA Isolation Kit for tissue; PreAnalytiX PAXgene Blood DNA Kit for blood,
368,,,,Granulicatella,elegans,Glassing et al. 2016,blood and/or intestinal tissue,V1-V3,MoBio PowerMax Soil DNA Isolation Kit for tissue; PreAnalytiX PAXgene Blood DNA Kit for blood,
369,,,,Haemophilus,haemolyticus,Glassing et al. 2016,blood and/or intestinal tissue,V1-V3,MoBio PowerMax Soil DNA Isolation Kit for tissue; PreAnalytiX PAXgene Blood DNA Kit for blood,
370,,,,Haemophilus,parainfluenzae,Glassing et al. 2016,blood and/or intestinal tissue,V1-V3,MoBio PowerMax Soil DNA Isolation Kit for tissue; PreAnalytiX PAXgene Blood DNA Kit for blood,
371,,,,Halocella,unclassified spp.,Glassing et al. 2016,blood and/or intestinal tissue,V1-V3,MoBio PowerMax Soil DNA Isolation Kit for tissue; PreAnalytiX PAXgene Blood DNA Kit for blood,
372,,,,Herbaspirillum,huttiense,Glassing et al. 2016,blood and/or intestinal tissue,V1-V3,MoBio PowerMax Soil DNA Isolation Kit for tissue; PreAnalytiX PAXgene Blood DNA Kit for blood,
373,,,,Intestinibacter,clostridium bartlettii,Glassing et al. 2016,blood and/or intestinal tissue,V1-V3,MoBio PowerMax Soil DNA Isolation Kit for tissue; PreAnalytiX PAXgene Blood DNA Kit for blood,
374,,,,Janthinobacterium,lividum,Glassing et al. 2016,blood and/or intestinal tissue,V1-V3,MoBio PowerMax Soil DNA Isolation Kit for tissue; PreAnalytiX PAXgene Blood DNA Kit for blood,
375,,,,Johnsonella,unclassified spp.,Glassing et al. 2016,blood and/or intestinal tissue,V1-V3,MoBio PowerMax Soil DNA Isolation Kit for tissue; PreAnalytiX PAXgene Blood DNA Kit for blood,
376,,,,Kingella,oralis,Glassing et al. 2016,blood and/or intestinal tissue,V1-V3,MoBio PowerMax Soil DNA Isolation Kit for tissue; PreAnalytiX PAXgene Blood DNA Kit for blood,
377,,,,Klebsiella,pneumoniae,Glassing et al. 2016,blood and/or intestinal tissue,V1-V3,MoBio PowerMax Soil DNA Isolation Kit for tissue; PreAnalytiX PAXgene Blood DNA Kit for blood,
378,,,,Lachnoanaerobaculum,eubacterium saburreum,Glassing et al. 2016,blood and/or intestinal tissue,V1-V3,MoBio PowerMax Soil DNA Isolation Kit for tissue; PreAnalytiX PAXgene Blood DNA Kit for blood,
379,,,,Lachnoclostridium,clostridium bolteae,Glassing et al. 2016,blood and/or intestinal tissue,V1-V3,MoBio PowerMax Soil DNA Isolation Kit for tissue; PreAnalytiX PAXgene Blood DNA Kit for blood,
380,,,,Lachnoclostridium,clostridium hathewayi,Glassing et al. 2016,blood and/or intestinal tissue,V1-V3,MoBio PowerMax Soil DNA Isolation Kit for tissue; PreAnalytiX PAXgene Blood DNA Kit for blood,
381,,,,Lachnospira,unclassified spp.,Glassing et al. 2016,blood and/or intestinal tissue,V1-V3,MoBio PowerMax Soil DNA Isolation Kit for tissue; PreAnalytiX PAXgene Blood DNA Kit for blood,
382,,,,Lactobacillus,fermentum,Glassing et al. 2016,blood and/or intestinal tissue,V1-V3,MoBio PowerMax Soil DNA Isolation Kit for tissue; PreAnalytiX PAXgene Blood DNA Kit for blood,
383,,,,Lactobacillus,salivarius,Glassing et al. 2016,blood and/or intestinal tissue,V1-V3,MoBio PowerMax Soil DNA Isolation Kit for tissue; PreAnalytiX PAXgene Blood DNA Kit for blood,
384,,,,Lactobacillus,unclassified spp.,Glassing et al. 2016,blood and/or intestinal tissue,V1-V3,MoBio PowerMax Soil DNA Isolation Kit for tissue; PreAnalytiX PAXgene Blood DNA Kit for blood,
385,,,,Leptotrichia,buccalis,Glassing et al. 2016,blood and/or intestinal tissue,V1-V3,MoBio PowerMax Soil DNA Isolation Kit for tissue; PreAnalytiX PAXgene Blood DNA Kit for blood,
386,,,,Leptotrichia,unclassified spp.,Glassing et al. 2016,blood and/or intestinal tissue,V1-V3,MoBio PowerMax Soil DNA Isolation Kit for tissue; PreAnalytiX PAXgene Blood DNA Kit for blood,
387,,,,Massilia,unclassified spp.,Glassing et al. 2016,blood and/or intestinal tissue,V1-V3,MoBio PowerMax Soil DNA Isolation Kit for tissue; PreAnalytiX PAXgene Blood DNA Kit for blood,
388,,,,Megasphaera,unclassified spp.,Glassing et al. 2016,blood and/or intestinal tissue,V1-V3,MoBio PowerMax Soil DNA Isolation Kit for tissue; PreAnalytiX PAXgene Blood DNA Kit for blood,
389,,,,Meiothermus,taiwanensis,Glassing et al. 2016,blood and/or intestinal tissue,V1-V3,MoBio PowerMax Soil DNA Isolation Kit for tissue; PreAnalytiX PAXgene Blood DNA Kit for blood,
390,,,,Methylobacterium,komagatae,Glassing et al. 2016,blood and/or intestinal tissue,V1-V3,MoBio PowerMax Soil DNA Isolation Kit for tissue; PreAnalytiX PAXgene Blood DNA Kit for blood,
391,,,,Methylobacterium,radiotolerans,Glassing et al. 2016,blood and/or intestinal tissue,V1-V3,MoBio PowerMax Soil DNA Isolation Kit for tissue; PreAnalytiX PAXgene Blood DNA Kit for blood,
392,,,,Methylobacterium,suomiense,Glassing et al. 2016,blood and/or intestinal tissue,V1-V3,MoBio PowerMax Soil DNA Isolation Kit for tissue; PreAnalytiX PAXgene Blood DNA Kit for blood,
393,,,,Methylopila,capsulata,Glassing et al. 2016,blood and/or intestinal tissue,V1-V3,MoBio PowerMax Soil DNA Isolation Kit for tissue; PreAnalytiX PAXgene Blood DNA Kit for blood,
394,,,,Moryella,unclassified spp.,Glassing et al. 2016,blood and/or intestinal tissue,V1-V3,MoBio PowerMax Soil DNA Isolation Kit for tissue; PreAnalytiX PAXgene Blood DNA Kit for blood,
395,,,,Neisseria,cinerea,Glassing et al. 2016,blood and/or intestinal tissue,V1-V3,MoBio PowerMax Soil DNA Isolation Kit for tissue; PreAnalytiX PAXgene Blood DNA Kit for blood,
396,,,,Neisseria,flavescens,Glassing et al. 2016,blood and/or intestinal tissue,V1-V3,MoBio PowerMax Soil DNA Isolation Kit for tissue; PreAnalytiX PAXgene Blood DNA Kit for blood,
397,,,,Oscillospira,unclassified spp.,Glassing et al. 2016,blood and/or intestinal tissue,V1-V3,MoBio PowerMax Soil DNA Isolation Kit for tissue; PreAnalytiX PAXgene Blood DNA Kit for blood,
398,,,,Oxalobacter,unclassified spp.,Glassing et al. 2016,blood and/or intestinal tissue,V1-V3,MoBio PowerMax Soil DNA Isolation Kit for tissue; PreAnalytiX PAXgene Blood DNA Kit for blood,
399,,,,Paenibacillus,filicis,Glassing et al. 2016,blood and/or intestinal tissue,V1-V3,MoBio PowerMax Soil DNA Isolation Kit for tissue; PreAnalytiX PAXgene Blood DNA Kit for blood,
400,,,,Papillibacter,unclassified spp.,Glassing et al. 2016,blood and/or intestinal tissue,V1-V3,MoBio PowerMax Soil DNA Isolation Kit for tissue; PreAnalytiX PAXgene Blood DNA Kit for blood,
401,,,,Parabacteroides,distasonis,Glassing et al. 2016,blood and/or intestinal tissue,V1-V3,MoBio PowerMax Soil DNA Isolation Kit for tissue; PreAnalytiX PAXgene Blood DNA Kit for blood,
402,,,,Parasutterella,unclassified spp.,Glassing et al. 2016,blood and/or intestinal tissue,V1-V3,MoBio PowerMax Soil DNA Isolation Kit for tissue; PreAnalytiX PAXgene Blood DNA Kit for blood,
403,,,,Parvimonas,micra,Glassing et al. 2016,blood and/or intestinal tissue,V1-V3,MoBio PowerMax Soil DNA Isolation Kit for tissue; PreAnalytiX PAXgene Blood DNA Kit for blood,
404,,,,Pelomonas,unclassified spp.,Glassing et al. 2016,blood and/or intestinal tissue,V1-V3,MoBio PowerMax Soil DNA Isolation Kit for tissue; PreAnalytiX PAXgene Blood DNA Kit for blood,
405,,,,Peptococcus,niger,Glassing et al. 2016,blood and/or intestinal tissue,V1-V3,MoBio PowerMax Soil DNA Isolation Kit for tissue; PreAnalytiX PAXgene Blood DNA Kit for blood,
406,,,,Peptoniphilus,candidatus peptoniphilus_massiliensis,Glassing et al. 2016,blood and/or intestinal tissue,V1-V3,MoBio PowerMax Soil DNA Isolation Kit for tissue; PreAnalytiX PAXgene Blood DNA Kit for blood,
407,,,,Pilimelia,unclassified spp.,Glassing et al. 2016,blood and/or intestinal tissue,V1-V3,MoBio PowerMax Soil DNA Isolation Kit for tissue; PreAnalytiX PAXgene Blood DNA Kit for blood,
408,,,,Porphyromonas,endodontalis,Glassing et al. 2016,blood and/or intestinal tissue,V1-V3,MoBio PowerMax Soil DNA Isolation Kit for tissue; PreAnalytiX PAXgene Blood DNA Kit for blood,
409,,,,Prevotella,buccalis,Glassing et al. 2016,blood and/or intestinal tissue,V1-V3,MoBio PowerMax Soil DNA Isolation Kit for tissue; PreAnalytiX PAXgene Blood DNA Kit for blood,
410,,,,Prevotella,loescheii,Glassing et al. 2016,blood and/or intestinal tissue,V1-V3,MoBio PowerMax Soil DNA Isolation Kit for tissue; PreAnalytiX PAXgene Blood DNA Kit for blood,
411,,,,Prevotella,melaninogenica,Glassing et al. 2016,blood and/or intestinal tissue,V1-V3,MoBio PowerMax Soil DNA Isolation Kit for tissue; PreAnalytiX PAXgene Blood DNA Kit for blood,
412,,,,Prevotella,oris,Glassing et al. 2016,blood and/or intestinal tissue,V1-V3,MoBio PowerMax Soil DNA Isolation Kit for tissue; PreAnalytiX PAXgene Blood DNA Kit for blood,
413,,,,Prevotella,unclassified spp.,Glassing et al. 2016,blood and/or intestinal tissue,V1-V3,MoBio PowerMax Soil DNA Isolation Kit for tissue; PreAnalytiX PAXgene Blood DNA Kit for blood,
414,,,,Propionibacterium,acnes,Glassing et al. 2016,blood and/or intestinal tissue,V1-V3,MoBio PowerMax Soil DNA Isolation Kit for tissue; PreAnalytiX PAXgene Blood DNA Kit for blood,
415,,,,Propionibacterium,granulosum,Glassing et al. 2016,blood and/or intestinal tissue,V1-V3,MoBio PowerMax Soil DNA Isolation Kit for tissue; PreAnalytiX PAXgene Blood DNA Kit for blood,
416,,,,Pseudobutyrivibrio,unclassified spp.,Glassing et al. 2016,blood and/or intestinal tissue,V1-V3,MoBio PowerMax Soil DNA Isolation Kit for tissue; PreAnalytiX PAXgene Blood DNA Kit for blood,
417,,,,Pseudoclavibacter,zimmermannella bifida,Glassing et al. 2016,blood and/or intestinal tissue,V1-V3,MoBio PowerMax Soil DNA Isolation Kit for tissue; PreAnalytiX PAXgene Blood DNA Kit for blood,
418,,,,Pseudoflavonifractor,bacteroides capillosus,Glassing et al. 2016,blood and/or intestinal tissue,V1-V3,MoBio PowerMax Soil DNA Isolation Kit for tissue; PreAnalytiX PAXgene Blood DNA Kit for blood,
419,,,,Pseudomonas,fluorescens,Glassing et al. 2016,blood and/or intestinal tissue,V1-V3,MoBio PowerMax Soil DNA Isolation Kit for tissue; PreAnalytiX PAXgene Blood DNA Kit for blood,
420,,,,Pseudomonas,synxantha,Glassing et al. 2016,blood and/or intestinal tissue,V1-V3,MoBio PowerMax Soil DNA Isolation Kit for tissue; PreAnalytiX PAXgene Blood DNA Kit for blood,
421,,,,Pseudorhodoferax,unclassified spp.,Glassing et al. 2016,blood and/or intestinal tissue,V1-V3,MoBio PowerMax Soil DNA Isolation Kit for tissue; PreAnalytiX PAXgene Blood DNA Kit for blood,
422,,,,Quinella,unclassified spp.,Glassing et al. 2016,blood and/or intestinal tissue,V1-V3,MoBio PowerMax Soil DNA Isolation Kit for tissue; PreAnalytiX PAXgene Blood DNA Kit for blood,
423,,,,Roseateles,depolymerans,Glassing et al. 2016,blood and/or intestinal tissue,V1-V3,MoBio PowerMax Soil DNA Isolation Kit for tissue; PreAnalytiX PAXgene Blood DNA Kit for blood,
424,,,,Roseburia,faecis,Glassing et al. 2016,blood and/or intestinal tissue,V1-V3,MoBio PowerMax Soil DNA Isolation Kit for tissue; PreAnalytiX PAXgene Blood DNA Kit for blood,
425,,,,Roseburia,unclassified spp.,Glassing et al. 2016,blood and/or intestinal tissue,V1-V3,MoBio PowerMax Soil DNA Isolation Kit for tissue; PreAnalytiX PAXgene Blood DNA Kit for blood,
426,,,,Roseomonas,cervicalis,Glassing et al. 2016,blood and/or intestinal tissue,V1-V3,MoBio PowerMax Soil DNA Isolation Kit for tissue; PreAnalytiX PAXgene Blood DNA Kit for blood,
427,,,,Rothia,aeria,Glassing et al. 2016,blood and/or intestinal tissue,V1-V3,MoBio PowerMax Soil DNA Isolation Kit for tissue; PreAnalytiX PAXgene Blood DNA Kit for blood,
428,,,,Rubellimicrobium,unclassified spp.,Glassing et al. 2016,blood and/or intestinal tissue,V1-V3,MoBio PowerMax Soil DNA Isolation Kit for tissue; PreAnalytiX PAXgene Blood DNA Kit for blood,
429,,,,Ruegeria,unclassified spp.,Glassing et al. 2016,blood and/or intestinal tissue,V1-V3,MoBio PowerMax Soil DNA Isolation Kit for tissue; PreAnalytiX PAXgene Blood DNA Kit for blood,
430,,,,Ruminiclostridium,eubacterium siraeum,Glassing et al. 2016,blood and/or intestinal tissue,V1-V3,MoBio PowerMax Soil DNA Isolation Kit for tissue; PreAnalytiX PAXgene Blood DNA Kit for blood,
431,,,,Ruminococcus,unclassified spp.,Glassing et al. 2016,blood and/or intestinal tissue,V1-V3,MoBio PowerMax Soil DNA Isolation Kit for tissue; PreAnalytiX PAXgene Blood DNA Kit for blood,
432,,,,Selenomonas,sputigena,Glassing et al. 2016,blood and/or intestinal tissue,V1-V3,MoBio PowerMax Soil DNA Isolation Kit for tissue; PreAnalytiX PAXgene Blood DNA Kit for blood,
433,,,,Selenomonas,unclassified spp.,Glassing et al. 2016,blood and/or intestinal tissue,V1-V3,MoBio PowerMax Soil DNA Isolation Kit for tissue; PreAnalytiX PAXgene Blood DNA Kit for blood,
434,,,,Serratia,marcescens,Glassing et al. 2016,blood and/or intestinal tissue,V1-V3,MoBio PowerMax Soil DNA Isolation Kit for tissue; PreAnalytiX PAXgene Blood DNA Kit for blood,
435,,,,Slackia,human intestinal,Glassing et al. 2016,blood and/or intestinal tissue,V1-V3,MoBio PowerMax Soil DNA Isolation Kit for tissue; PreAnalytiX PAXgene Blood DNA Kit for blood,
436,,,,Solobacterium,moorei,Glassing et al. 2016,blood and/or intestinal tissue,V1-V3,MoBio PowerMax Soil DNA Isolation Kit for tissue; PreAnalytiX PAXgene Blood DNA Kit for blood,
437,,,,Sphingobacterium,unclassified spp.,Glassing et al. 2016,blood and/or intestinal tissue,V1-V3,MoBio PowerMax Soil DNA Isolation Kit for tissue; PreAnalytiX PAXgene Blood DNA Kit for blood,
438,,,,Staphylococcus,epidermidis,Glassing et al. 2016,blood and/or intestinal tissue,V1-V3,MoBio PowerMax Soil DNA Isolation Kit for tissue; PreAnalytiX PAXgene Blood DNA Kit for blood,
439,,,,Staphylococcus,haemolyticus,Glassing et al. 2016,blood and/or intestinal tissue,V1-V3,MoBio PowerMax Soil DNA Isolation Kit for tissue; PreAnalytiX PAXgene Blood DNA Kit for blood,
440,,,,Staphylococcus,hominis,Glassing et al. 2016,blood and/or intestinal tissue,V1-V3,MoBio PowerMax Soil DNA Isolation Kit for tissue; PreAnalytiX PAXgene Blood DNA Kit for blood,
441,,,,Staphylococcus,lugdunensis,Glassing et al. 2016,blood and/or intestinal tissue,V1-V3,MoBio PowerMax Soil DNA Isolation Kit for tissue; PreAnalytiX PAXgene Blood DNA Kit for blood,
442,,,,Stenotrophomonas,maltophilia,Glassing et al. 2016,blood and/or intestinal tissue,V1-V3,MoBio PowerMax Soil DNA Isolation Kit for tissue; PreAnalytiX PAXgene Blood DNA Kit for blood,
443,,,,Streptococcus,alactolyticus,Glassing et al. 2016,blood and/or intestinal tissue,V1-V3,MoBio PowerMax Soil DNA Isolation Kit for tissue; PreAnalytiX PAXgene Blood DNA Kit for blood,
444,,,,Streptococcus,cristatus,Glassing et al. 2016,blood and/or intestinal tissue,V1-V3,MoBio PowerMax Soil DNA Isolation Kit for tissue; PreAnalytiX PAXgene Blood DNA Kit for blood,
445,,,,Streptococcus,genomosp. c3,Glassing et al. 2016,blood and/or intestinal tissue,V1-V3,MoBio PowerMax Soil DNA Isolation Kit for tissue; PreAnalytiX PAXgene Blood DNA Kit for blood,
446,,,,Streptococcus,genomosp. c6,Glassing et al. 2016,blood and/or intestinal tissue,V1-V3,MoBio PowerMax Soil DNA Isolation Kit for tissue; PreAnalytiX PAXgene Blood DNA Kit for blood,
447,,,,Streptococcus,gordonii,Glassing et al. 2016,blood and/or intestinal tissue,V1-V3,MoBio PowerMax Soil DNA Isolation Kit for tissue; PreAnalytiX PAXgene Blood DNA Kit for blood,
448,,,,Streptococcus,infantis,Glassing et al. 2016,blood and/or intestinal tissue,V1-V3,MoBio PowerMax Soil DNA Isolation Kit for tissue; PreAnalytiX PAXgene Blood DNA Kit for blood,
449,,,,Streptococcus,intermedius,Glassing et al. 2016,blood and/or intestinal tissue,V1-V3,MoBio PowerMax Soil DNA Isolation Kit for tissue; PreAnalytiX PAXgene Blood DNA Kit for blood,
450,,,,Streptococcus,mitis,Glassing et al. 2016,blood and/or intestinal tissue,V1-V3,MoBio PowerMax Soil DNA Isolation Kit for tissue; PreAnalytiX PAXgene Blood DNA Kit for blood,
451,,,,Streptococcus,mutans,Glassing et al. 2016,blood and/or intestinal tissue,V1-V3,MoBio PowerMax Soil DNA Isolation Kit for tissue; PreAnalytiX PAXgene Blood DNA Kit for blood,
452,,,,Streptococcus,oralis,Glassing et al. 2016,blood and/or intestinal tissue,V1-V3,MoBio PowerMax Soil DNA Isolation Kit for tissue; PreAnalytiX PAXgene Blood DNA Kit for blood,
453,,,,Streptococcus,pseudopneumoniae,Glassing et al. 2016,blood and/or intestinal tissue,V1-V3,MoBio PowerMax Soil DNA Isolation Kit for tissue; PreAnalytiX PAXgene Blood DNA Kit for blood,
454,,,,Streptococcus,thermophilus,Glassing et al. 2016,blood and/or intestinal tissue,V1-V3,MoBio PowerMax Soil DNA Isolation Kit for tissue; PreAnalytiX PAXgene Blood DNA Kit for blood,
455,,,,Streptococcus,unclassified spp.,Glassing et al. 2016,blood and/or intestinal tissue,V1-V3,MoBio PowerMax Soil DNA Isolation Kit for tissue; PreAnalytiX PAXgene Blood DNA Kit for blood,
456,,,,Trichococcus,collinsii,Glassing et al. 2016,blood and/or intestinal tissue,V1-V3,MoBio PowerMax Soil DNA Isolation Kit for tissue; PreAnalytiX PAXgene Blood DNA Kit for blood,
457,,,,Tumebacillus,unclassified spp.,Glassing et al. 2016,blood and/or intestinal tissue,V1-V3,MoBio PowerMax Soil DNA Isolation Kit for tissue; PreAnalytiX PAXgene Blood DNA Kit for blood,
458,,,,Turicibacter,sanguinis,Glassing et al. 2016,blood and/or intestinal tissue,V1-V3,MoBio PowerMax Soil DNA Isolation Kit for tissue; PreAnalytiX PAXgene Blood DNA Kit for blood,
459,,,,Tyzzerella,clostridium lactatifermentans,Glassing et al. 2016,blood and/or intestinal tissue,V1-V3,MoBio PowerMax Soil DNA Isolation Kit for tissue; PreAnalytiX PAXgene Blood DNA Kit for blood,
460,,,,Veillonella,dispar,Glassing et al. 2016,blood and/or intestinal tissue,V1-V3,MoBio PowerMax Soil DNA Isolation Kit for tissue; PreAnalytiX PAXgene Blood DNA Kit for blood,
461,,,,Veillonella,parvula,Glassing et al. 2016,blood and/or intestinal tissue,V1-V3,MoBio PowerMax Soil DNA Isolation Kit for tissue; PreAnalytiX PAXgene Blood DNA Kit for blood,
462,,,,Veillonella,unclassified spp.,Glassing et al. 2016,blood and/or intestinal tissue,V1-V3,MoBio PowerMax Soil DNA Isolation Kit for tissue; PreAnalytiX PAXgene Blood DNA Kit for blood,
463,,,,Xylanibacter,unclassified spp.,Glassing et al. 2016,blood and/or intestinal tissue,V1-V3,MoBio PowerMax Soil DNA Isolation Kit for tissue; PreAnalytiX PAXgene Blood DNA Kit for blood,